date,sentiment_score,sentiment_label
2021-01-04,0.16297499999999998,Positive
2021-01-05,0.2023,Positive
2021-01-07,-0.019250000000000017,Neutral
2021-01-11,0.0772,Positive
2021-01-12,-0.01779,Neutral
2021-01-13,0.0386,Neutral
2021-01-16,0.31845,Positive
2021-01-17,-0.3612,Negative
2021-01-19,0.08895000000000002,Positive
2021-01-21,0.0,Neutral
2021-01-22,0.0,Neutral
2021-01-23,0.296,Positive
2021-01-24,0.6124,Positive
2021-01-25,0.0258,Neutral
2021-01-26,0.0086,Neutral
2021-01-27,0.21075,Positive
2021-01-29,0.0,Neutral
2021-02-01,0.4397,Positive
2021-02-02,0.0,Neutral
2021-02-03,0.0,Neutral
2021-02-05,0.0,Neutral
2021-02-08,0.0,Neutral
2021-02-09,0.0,Neutral
2021-02-10,0.0,Neutral
2021-02-11,0.07144999999999999,Positive
2021-02-12,0.0,Neutral
2021-02-13,0.2023,Positive
2021-02-14,0.0,Neutral
2021-02-15,0.0,Neutral
2021-02-16,0.0,Neutral
2021-02-17,0.08895,Positive
2021-02-18,0.0,Neutral
2021-02-22,-0.148,Negative
2021-02-23,0.0,Neutral
2021-02-24,-0.2732,Negative
2021-02-25,-0.11225999999999998,Negative
2021-02-26,0.0,Neutral
2021-02-28,0.19063333333333332,Positive
2021-03-01,0.019227586206896546,Neutral
2021-03-02,0.12173809523809524,Positive
2021-03-03,-0.04666666666666667,Neutral
2021-03-04,0.18988333333333332,Positive
2021-03-05,0.07432,Positive
2021-03-07,0.0,Neutral
2021-03-08,0.09990000000000002,Positive
2021-03-09,0.25225,Positive
2021-03-10,0.38561999999999996,Positive
2021-03-12,0.12079999999999999,Positive
2021-03-16,-0.4767,Negative
2021-03-17,-0.4355,Negative
2021-03-18,0.09545,Positive
2021-03-19,0.16935,Positive
2021-03-20,0.0,Neutral
2021-03-21,0.0,Neutral
2021-03-22,0.165275,Positive
2021-03-23,-0.1602,Negative
2021-03-24,0.0,Neutral
2021-03-25,-0.014762499999999998,Neutral
2021-03-26,0.06298571428571428,Positive
2021-03-27,-0.34,Negative
2021-03-29,0.7506,Positive
2021-03-31,0.0,Neutral
2021-04-04,0.2023,Positive
2021-04-06,0.1661,Positive
2021-04-07,-0.06271428571428572,Negative
2021-04-08,0.08895,Positive
2021-04-09,0.0,Neutral
2021-04-12,0.0,Neutral
2021-04-13,0.22010000000000002,Positive
2021-04-14,0.6369,Positive
2021-04-19,0.0,Neutral
2021-04-20,-0.01466666666666668,Neutral
2021-04-21,-0.36916666666666664,Negative
2021-04-23,0.14053333333333334,Positive
2021-04-26,0.0,Neutral
2021-04-27,0.1779,Positive
2021-04-29,0.1779,Positive
2021-04-30,0.0,Neutral
2021-05-03,0.6633,Positive
2021-05-04,0.0,Neutral
2021-05-05,-0.12726666666666667,Negative
2021-05-07,0.2294,Positive
2021-05-11,-0.3804,Negative
2021-05-12,0.23835,Positive
2021-05-13,0.0,Neutral
2021-05-14,0.005699999999999997,Neutral
2021-05-15,0.0,Neutral
2021-05-16,0.09866666666666667,Positive
2021-05-17,0.08333333333333333,Positive
2021-05-18,-0.09866666666666667,Negative
2021-05-19,0.0,Neutral
2021-05-20,0.24796666666666667,Positive
2021-05-21,0.25476,Positive
2021-05-22,-0.2263,Negative
2021-05-24,0.2023,Positive
2021-05-25,0.0,Neutral
2021-05-26,-0.064,Negative
2021-05-27,0.17135,Positive
2021-05-28,-0.005728571428571424,Neutral
2021-05-29,0.41960000000000003,Positive
2021-05-30,0.0,Neutral
2021-05-31,0.08038,Positive
2021-06-01,0.08644062499999998,Positive
2021-06-02,0.06669722222222221,Positive
2021-06-03,0.1909,Positive
2021-06-04,-0.13396666666666665,Negative
2021-06-06,0.0,Neutral
2021-06-07,0.05550000000000001,Positive
2021-06-08,0.119175,Positive
2021-06-09,0.1047875,Positive
2021-06-10,0.063,Positive
2021-06-11,0.06911250000000001,Positive
2021-06-13,0.347,Positive
2021-06-14,0.2707,Positive
2021-06-16,0.0,Neutral
2021-06-17,0.09179999999999999,Positive
2021-06-19,0.6124,Positive
2021-06-22,0.07118571428571428,Positive
2021-06-23,0.08333333333333333,Positive
2021-06-24,0.292475,Positive
2021-06-25,0.3718666666666666,Positive
2021-06-26,0.8126,Positive
2021-06-28,0.1631111111111111,Positive
2021-06-29,0.048825,Neutral
2021-06-30,0.3562600000000001,Positive
2021-07-01,0.23383333333333334,Positive
2021-07-02,-0.0386,Neutral
2021-07-05,0.0,Neutral
2021-07-06,0.44620000000000004,Positive
2021-07-07,0.18906,Positive
2021-07-08,0.25295,Positive
2021-07-09,0.06743333333333333,Positive
2021-07-10,0.3818,Positive
2021-07-11,0.2202,Positive
2021-07-12,0.04926000000000001,Neutral
2021-07-13,0.20041111111111112,Positive
2021-07-14,0.0,Neutral
2021-07-15,0.020624999999999998,Neutral
2021-07-17,0.11315,Positive
2021-07-18,0.17795,Positive
2021-07-19,0.04300975609756097,Neutral
2021-07-20,0.22590000000000002,Positive
2021-07-21,0.165,Positive
2021-07-22,0.19706,Positive
2021-07-23,0.11318888888888888,Positive
2021-07-24,-0.1779,Negative
2021-07-25,0.148,Positive
2021-07-26,0.2664285714285714,Positive
2021-07-27,0.14892,Positive
2021-07-28,0.10715,Positive
2021-07-29,0.1406111111111111,Positive
2021-07-30,0.03724285714285713,Neutral
2021-08-01,0.0172,Neutral
2021-08-02,0.13313333333333333,Positive
2021-08-03,0.12161999999999999,Positive
2021-08-04,0.08675,Positive
2021-08-05,0.0,Neutral
2021-08-06,0.11307500000000001,Positive
2021-08-09,0.0,Neutral
2021-08-10,0.128,Positive
2021-08-11,0.35705000000000003,Positive
2021-08-12,0.2333333333333333,Positive
2021-08-13,0.47140000000000004,Positive
2021-08-15,0.0,Neutral
2021-08-16,0.0,Neutral
2021-08-17,0.10784285714285713,Positive
2021-08-19,0.24695,Positive
2021-08-20,0.0,Neutral
2021-08-21,0.0,Neutral
2021-08-22,0.2023,Positive
2021-08-23,0.0386375,Neutral
2021-08-24,0.0,Neutral
2021-08-25,0.08355,Positive
2021-08-26,0.06642666666666668,Positive
2021-08-27,0.19705,Positive
2021-08-29,-0.07038333333333333,Negative
2021-08-30,0.05162456140350878,Positive
2021-08-31,0.049941791044776106,Neutral
2021-09-01,-0.05011666666666667,Negative
2021-09-02,0.10368749999999999,Positive
2021-09-03,0.07279999999999999,Positive
2021-09-04,0.17020000000000002,Positive
2021-09-06,0.0,Neutral
2021-09-07,0.10856000000000003,Positive
2021-09-08,0.1761222222222222,Positive
2021-09-09,0.1748333333333333,Positive
2021-09-10,-0.12965,Negative
2021-09-11,-0.0129,Neutral
2021-09-12,0.0,Neutral
2021-09-13,0.08243333333333333,Positive
2021-09-14,0.23835,Positive
2021-09-15,0.13188,Positive
2021-09-16,0.14341428571428572,Positive
2021-09-17,0.0632,Positive
2021-09-18,0.0,Neutral
2021-09-19,0.0,Neutral
2021-09-20,0.0,Neutral
2021-09-21,0.10209230769230769,Positive
2021-09-22,0.17290999999999998,Positive
2021-09-23,-0.08038000000000001,Negative
2021-09-24,0.23343333333333335,Positive
2021-09-25,0.7783,Positive
2021-09-27,0.0,Neutral
2021-09-28,-0.1676333333333333,Negative
2021-09-29,0.066,Positive
2021-09-30,0.057172727272727264,Positive
2021-10-01,0.11244444444444444,Positive
2021-10-02,0.12726666666666667,Positive
2021-10-03,0.44789999999999996,Positive
2021-10-04,0.11097142857142858,Positive
2021-10-05,0.17,Positive
2021-10-06,0.19116666666666668,Positive
2021-10-07,0.14613333333333334,Positive
2021-10-08,0.021437500000000012,Neutral
2021-10-09,0.12040000000000001,Positive
2021-10-10,0.3758,Positive
2021-10-11,0.2567857142857143,Positive
2021-10-13,0.26769999999999994,Positive
2021-10-14,-0.1468,Negative
2021-10-15,0.126975,Positive
2021-10-18,0.135625,Positive
2021-10-19,0.244725,Positive
2021-10-20,0.21833333333333335,Positive
2021-10-21,0.059930000000000004,Positive
2021-10-22,0.13555999999999999,Positive
2021-10-25,0.071625,Positive
2021-10-26,0.28373333333333334,Positive
2021-10-27,0.0,Neutral
2021-10-28,0.1036,Positive
2021-10-29,-0.006814285714285713,Neutral
2021-10-31,0.4939,Positive
2021-11-01,0.14838,Positive
2021-11-02,0.0,Neutral
2021-11-03,0.1858,Positive
2021-11-04,0.0,Neutral
2021-11-05,0.1899,Positive
2021-11-06,0.0,Neutral
2021-11-07,0.0,Neutral
2021-11-08,-0.07955,Negative
2021-11-09,0.2516,Positive
2021-11-10,0.17200000000000001,Positive
2021-11-11,-0.07543333333333334,Negative
2021-11-12,0.10293333333333334,Positive
2021-11-13,0.2023,Positive
2021-11-14,0.4939,Positive
2021-11-15,0.02591666666666666,Neutral
2021-11-16,-0.06292,Negative
2021-11-17,0.0,Neutral
2021-11-18,0.30042,Positive
2021-11-19,-0.07708,Negative
2021-11-21,0.0,Neutral
2021-11-22,0.1551138888888889,Positive
2021-11-23,0.01310952380952381,Neutral
2021-11-24,0.18213846153846153,Positive
2021-11-25,-0.16385,Negative
2021-11-26,-0.04088181818181818,Neutral
2021-11-27,0.0,Neutral
2021-11-28,0.6597,Positive
2021-11-29,0.06190909090909091,Positive
2021-11-30,0.050825,Positive
2021-12-01,-0.12389999999999998,Negative
2021-12-02,0.16831249999999998,Positive
2021-12-03,0.18116,Positive
2021-12-04,0.0,Neutral
2021-12-05,0.2671,Positive
2021-12-06,-0.00897,Neutral
2021-12-07,0.25523333333333337,Positive
2021-12-08,0.2693,Positive
2021-12-09,0.14894999999999997,Positive
2021-12-10,0.0,Neutral
2021-12-11,0.20165,Positive
2021-12-13,0.07568,Positive
2021-12-14,0.27598,Positive
2021-12-15,-0.002999999999999999,Neutral
2021-12-16,0.1438076923076923,Positive
2021-12-17,0.2670625,Positive
2021-12-18,0.38849999999999996,Positive
2021-12-19,0.3404,Positive
2021-12-20,0.09081111111111112,Positive
2021-12-21,-0.14985,Negative
2021-12-22,0.26555,Positive
2021-12-23,0.1101,Positive
2021-12-24,0.05385000000000001,Positive
2021-12-26,0.2023,Positive
2021-12-27,0.14652857142857142,Positive
2021-12-28,0.12488333333333333,Positive
2021-12-29,-0.30696666666666667,Negative
2021-12-30,0.5086857142857143,Positive
